{"AO":0.6000000238418579,"BloomType":1,"Exposure":1.0,"Gamma":2.200000047683716,"GaussianBloomAmount":16,"GaussianBloomIntensity":8.776000022888184,"GaussianBloomThreshold":0.800000011920929,"ReferenceResolution":{"x":1920.0,"y":1080.0},"ResolutionHeight":900,"ResolutionWidth":1600,"SSAOBias":0.009999999776482582,"SSAOEnabled":true,"SSAOMagnitude":1.100000023841858,"SSAORadius":2.0,"Title":"MileEditor","VSync":false,"WindowStyle":2}