{"AO":0.6000000238418579,"BloomType":1,"Exposure":2.253999948501587,"Gamma":2.200000047683716,"GaussianBloomAmount":8,"GaussianBloomIntensity":3.2750000953674316,"GaussianBloomThreshold":0.7990000247955322,"ReferenceResolution":{"x":1920.0,"y":1080.0},"ResolutionHeight":900,"ResolutionWidth":1600,"SSAOBias":0.009999999776482582,"SSAOEnabled":true,"SSAOMagnitude":1.100000023841858,"SSAORadius":3.493000030517578,"Title":"MileEditor","VSync":false,"WindowStyle":2}